strain,insertion: 13bp @ ref pos 0,insertion: 11bp @ ref pos 2,insertion: 5bp @ ref pos 16,insertion: 1bp @ ref pos 75,insertion: 21bp @ ref pos 3267,insertion: 1bp @ ref pos 6095,insertion: 1bp @ ref pos 14741,insertion: 2bp @ ref pos 24482,insertion: 5bp @ ref pos 26864,insertion: 1bp @ ref pos 26872,insertion: 2bp @ ref pos 26999,insertion: 12bp @ ref pos 27311,insertion: 8bp @ ref pos 27317
ON554103.1,GCAATTGTTGTTG,A,,,TGAGTCAGATAAGGAAGAAGA,,,TG,,,,,
MN306046.1,TCTA,,,,TGAGTCAGATAAGGAAGAAGA,,,TG,,,,,
ON554128.1,TCCG,,,,TGAGTCAGATAAGGAAGAAGA,,,TG,,,,,
MW587037.1,AAGGTCTA,,,,TGAGTCAGATAAGGAAGAAGA,,,TG,,,,,
OK073079.1,ACTT,,,,TGAGTCAGATAAGGAAGAAGA,,,TG,,,,,
OK073083.1,ACTT,,,,TGAGTCAGATAAGGAAGAAGA,,,TG,,,,,
OK073077.1,ACTT,,,,TGAGTCAGATAAGGAAGAAGA,,,TG,,,,,
MT797634.1,ACTT,,,,TGAGTCAGATAAGGAAGAAGA,,,TG,,,,,
ON554137.1,C,,,,TGAGTCAGATAAGGAAGAAGA,,,TG,,,,,
ON554135.1,TCTTA,,,,TGAGTCAGATAAGGAAGAAGA,,,TG,,,,,
ON554136.1,TC,,,,TGAGTCAGATAAGGAAGAAGA,,,TG,,,,,
ON554097.1,TTCC,,,,TGAGTCAGATAAGGAAGAAGA,,,TG,,,,,
ON554114.1,TCC,,,,TGAGTCAGATAAGGAAGAAGA,,,TG,,,,,
ON554111.1,GACCATCC,ACTTGGGTAAG,,,TGAGTCAGATAAGGAAGAAGA,,,TG,,A,TA,,
ON554107.1,G,GTGT,,,TGAGTCAGATAAGGAAGAAGA,,,TG,,,,CGAATTGTAGGG,TGTATGTT
JX503060.1,G,,,,TGAGTCAGATAAGGAAGAAGA,,,TG,,,,,
KY983587.1,,TC,,,TGAGTCAGATAAGGAAGAAGA,,,TG,,,,,
MT438697.1,,C,,,,,,TG,TGTGT,,,,
ON461753.1,,C,,,,,,,,,,,
MH828489.1,,C,,,,,,TG,,,,,
MF542265.1,,GATC,,,TGAGTCAGATAAGGAAGAAGA,,,TG,,,,,
KY369911.1,,TA,,,TGAGTCAGATAAGGAAGAAGA,,,TG,,,,,
ON554117.1,,,TC,,TGAGTCAGATAAGGAAGAAGA,,,TG,,,,,
ON554121.1,,,TTATC,,TGAGTCAGATAAGGAAGAAGA,,,TG,,,,,
ON554124.1,,,TTATC,,TGAGTCAGATAAGGAAGAAGA,,,,,,,,
MT438698.1,,,,C,,,,TG,TGTGT,,,,
KY369914.1,,,,,TGA,,,TG,,,,,
KY369912.1,,,,,TGAGTCAGATAAGGAAGAAGA,,,TG,,,,,
ON554100.1,,,,,TGAGTCAGATAAGGAAGAAGA,,,TG,,,,,
ON554106.1,,,,,TGAGTCAGATAAGGAAGAAGA,,,TG,,,,,
ON729316.1,,,,,TGAGTCAGATAAGGAAGAAGA,,,TG,,,,,
ON554129.1,,,,,TGAGTCAGATAAGGAAGAAGA,,,TG,,,,,
ON554125.1,,,,,TGAGTCAGATAAGGAAGAAGA,,,TG,,,,,
MW587038.1,,,,,TGAGTCAGATAAGGAAGAAGA,,,TG,,,,,
ON554127.1,,,,,TGAGTCAGATAAGGAAGAAGA,,,TG,,,,,
ON554126.1,,,,,TGAGTCAGATAAGGAAGAAGA,,,TG,,,,,
MW800646.1,,,,,TGAGTCAGATAAGGAAGAAGA,,,TG,,,,,
OK073082.1,,,,,TGAGTCAGATAAGGAAGAAGA,,,TG,,,,,
OK073078.1,,,,,TGAGTCAGATAAGGAAGAAGA,,,TG,,,,,
MW532104.1,,,,,TGAGTCAGATAAGGAAGAAGA,,,TG,,,,,
ON554139.1,,,,,TGAGTCAGATAAGGAAGAAGA,,,TG,,,,,
ON554138.1,,,,,TGAGTCAGATAAGGAAGAAGA,,,TG,,,,,
ON554115.1,,,,,TGAGTCAGATAAGGAAGAAGA,,,TG,,,,,
ON554113.1,,,,,TGAGTCAGATAAGGAAGAAGA,,,TG,,A,TA,,
ON554105.1,,,,,TGAGTCAGATAAGGAAGAAGA,,,TG,,,,,
ON554099.1,,,,,TGAGTCAGATAAGGAAGAAGA,,,TG,,,,,
OK073084.1,,,,,TGAGTCAGATAAGGAAGAAGA,,,TG,,,,,
ON554131.1,,,,,TGAGTCAGATAAGGAAGAAGA,,,TG,,,,,
ON554120.1,,,,,TGAGTCAGATAAGGAAGAAGA,,,TG,,,,,
ON554109.1,,,,,TGAGTCAGATAAGGAAGAAGA,,,TG,,,,,
ON554110.1,,,,,TGAGTCAGATAAGGAAGAAGA,,,TG,,,,,
ON554101.1,,,,,TGAGTCAGATAAGGAAGAAGA,,,TG,,,,,
ON554098.1,,,,,TGAGTCAGATAAGGAAGAAGA,,,TG,,,,,
ON554104.1,,,,,TGAGTCAGATAAGGAAGAAGA,,,TG,,,,,
ON554116.1,,,,,TGAGTCAGATAAGGAAGAAGA,,,TG,,,,,
ON554108.1,,,,,TGAGTCAGATAAGGAAGAAGA,,,TG,,,,,
ON554118.1,,,,,TGAGTCAGATAAGGAAGAAGA,,,TG,,,,,
ON554122.1,,,,,TGAGTCAGATAAGGAAGAAGA,,,TG,,,,,
ON554119.1,,,,,TGAGTCAGATAAGGAAGAAGA,,,TG,,,,,
ON554112.1,,,,,TGAGTCAGATAAGGAAGAAGA,,,TG,,,,,
MW532103.1,,,,,TGAGTCAGATAAGGAAGAAGA,,,TG,,,,,
MN369046.1,,,,,TGAGTCAGATAAGGAAGAAGA,,,TG,,,,,
ON554130.1,,,,,TGAGTCAGATAAGGAAGAAGA,,,TG,,,,,
ON554123.1,,,,,TGAGTCAGATAAGGAAGAAGA,,,TG,,,,,
MW587035.1,,,,,TGAGTCAGATAAGGAAGAAGA,,,TG,,,,,
ON554102.1,,,,,TGAGTCAGATAAGGAAGAAGA,,,TG,,,,,
ON554134.1,,,,,TGAGTCAGATAAGGAAGAAGA,,,TG,,,,,
ON554132.1,,,,,TGAGTCAGATAAGGAAGAAGA,,,TG,,,,,
MW532105.1,,,,,TGAGTCAGATAAGGAAGAAGA,,,TG,,,,,
MT118677.1,,,,,TGAGTCAGATAAGGAAGAAGA,,,TG,,,,,
KY684760.1,,,,,TGAGTCAGATAAGGAAGAAGA,,,TG,,,,,
MW202340.1,,,,,TGAGTCAGATAAGGAAGAAGA,,,TG,,,,,
KY369913.1,,,,,TGAGTCAGATAAGGAAGAAGA,,,TG,,,,,
KY369909.2,,,,,TGAGTCAGATAAGGAAGAAGA,,,,,,,,
KY674914.1,,,,,TGAGTCAGATAAGGAAGAAGA,,,TG,,,,,
KY621348.1,,,,,TGAGTCAGATAAGGAAGAAGA,,,TG,,,,,
KY369908.1,,,,,TGAGTCAGATAAGGAAGAAGA,,,TG,,,,,
KY967357.1,,,,,TGAGTCAGATAAGGAAGAAGA,,,TG,,,,,
KU291448.1,,,,,TGAGTCAGATAAGGAAGAAGA,,,TG,,,,,
OR266946.1,,,,,TGAGTCAGATAAGGAAGAAGA,,,TG,,,,,
ON791801.1,,,,,TGAGTCAGATAAGGAAGAAGA,,,TG,,,,,
OR266950.1,,,,,TGAGTCAGATAAGGAAGAAGA,,,TG,,,,,
OK073081.1,,,,,TGAGTCAGATAAGGAAGAAGA,,,TG,,,,,
OK073080.1,,,,,TGAGTCAGATAAGGAAGAAGA,,,TG,,,,,
MW532106.1,,,,,TGAGTCAGATAAGGAAGAAGA,,,TG,,,,,
MW532107.1,,,,,TGAGTCAGATAAGGAAGAAGA,,,TG,,,,,
KY369910.1,,,,,TGAGTCAGATAAGGAAGAAGA,,,TG,,,,,
KF514433.1,,,,,TGAGTCAGATAAGGAAGAAGA,,,TG,,,,,
KF514430.1,,,,,TGAGTCAGATAAGGAAGAAGA,,,TG,,,,,
KF514429.1,,,,,TGAGTCAGATAAGGAAGAAGA,T,,TG,,,,,
JX503061.1,,,,,TGAGTCAGATAAGGAAGAAGA,,,TG,,,,,
LC654445.1,,,,,TG,,,TG,,,,,
MT438696.1,,,,,TG,,,TG,,G,,,
MW587036.1,,,,,CAGATAAGGAAGAAGA,,,TG,,,,,
ON554133.1,,,,,TGATTCAGATAAGGAAGAAGA,,,TG,,,,,
OR266951.1,,,,,TGAGTCAGATAAGGAAGAAG,,,TG,,,,,
OR266952.1,,,,,TGAGTCAGATAAGGAAGAAG,,,TG,,,,,
KY674919.1,,,,,C,,,TG,,,,,
KF514431.1,,,,,,,T,TG,,,,,
LC654446.1,,,,,,,,TG,,,,,
MT438699.1,,,,,,,,TG,TGTGT,,,,
MT438700.1,,,,,,,,TG,,,,,
AB691767.2,,,,,,,,TG,,,,,
KF514432.1,,,,,,,,TG,,,,,
AB691766.2,,,,,,,,TG,,,,,
AB691765.2,,,,,,,,TG,,,,,
AB691764.2,,,,,,,,TG,,,,,
